Name,Price,Image
Speedgoat 5 Trail-Running Shoes - Women's,$124.73,https://www.rei.com/media/48d2cb6d-e48c-419c-a092-d806805619ee.jpg
Speedgoat 5 Trail-Running Shoes - Men's,$124.73,https://www.rei.com/media/d9292c9e-b0ba-4a8c-afd7-0162b3ec74a1.jpg
Renegade GTX Mid Hiking Boots - Men's,$190.93,https://www.rei.com/media/0a232c66-8c9f-4608-98af-3eb2ed1cc06e.jpg
Renegade GTX Mid Hiking Boots - Women's,$126.83,https://www.rei.com/media/2f9a6de7-6480-4ba0-a9ff-39f923448e55.jpg
Paradigm 6 Road-Running Shoes - Men's,$124.73,https://www.rei.com/media/6ea97d58-ef9e-4fa0-9e3c-5d4df1e0ca95.jpg
Torrent 3 Trail-Running Shoes - Men's,$104.73,https://www.rei.com/media/0a77f78b-5e74-44e7-9d11-758dc29194e4.jpg
Torrent 3 Trail-Running Shoes - Women's,$104.73,https://www.rei.com/media/80b5f2dc-c130-4941-802f-358e156d9e82.jpg
GEL-Kayano 30 Road-Running Shoes - Women's,$100.83,https://www.rei.com/media/358071e5-d8f7-4b4b-81dc-ec15319ccdae.jpg
Speedcross 6 Trail-Running Shoes - Women's, $107.93,https://www.rei.com/media/7ab4cae0-765d-4aa6-a59d-79872309574c.jpg
Alverstone 2 Hiking Shoes - Men's,$74.73,https://www.rei.com/media/fb4e9ac9-cb69-4529-8b50-a01f0ad2fc77.jpg
Outroad 2 Trail-Running Shoes - Men's,$84.73,https://www.rei.com/media/6f92a80e-d443-49b5-b79d-6ce017434eae.jpg
Speedgoat 5 Trail-Running Shoes - Women's, $124.93,https://www.rei.com/media/bb549e34-ac92-4164-9486-c93ab9f51a07.jpg
Moab 3 Waterproof Hiking Shoes - Women's,$104.93,https://www.rei.com/media/2dcfc1bc-84ce-427f-b194-955f46e98687.jpg
Cloudflyer 4 Road-Running Shoes - Women's,$126.93,https://www.rei.com/media/e1aa7660-4136-41bd-853d-810b9317e75a.jpg
Alterra GTX Hiking Boots - Men's,$217.73,https://www.rei.com/media/d4002edb-96e6-4683-9fa3-e19bfea887ce.jpg
Cloudflyer 4 Road-Running Shoes - Men's,$126.93,https://www.rei.com/media/41b46a8c-9950-41c6-b6e3-407dc109ecec.jpg
Moab Speed Low Hiking Shoes - Men's,$97.73,https://www.rei.com/media/273102c7-8acb-4197-8b73-5f19d31195b0.jpg
Moab 3 Mid Waterproof Hiking Boots - Men's,$111.93,https://www.rei.com/media/8692a9d5-82af-45a9-89ae-ebfec0b8748a.jpg
Targhee III Waterproof Hiking Shoes - Men's,$114.73,https://www.rei.com/media/4023f853-79ae-4d7c-8faa-15c913191c17.jpg
Tempus Road-Running Shoes - Men's,$119.73,https://www.rei.com/media/85bf8ccc-c568-4498-a067-832a495dde2a.jpg
Specter Road-Running Shoes - Women's,$119.73,https://www.rei.com/media/b817eafa-a281-4dc3-bf19-95dc5c971225.jpg
Olympus 5 Trail-Running Shoes - Women's,$118.73 - $135.73,https://www.rei.com/media/1e52af24-3a5e-4a8c-9cc7-7b0ab4ff38ac.jpg
Sypes Low Leather Waterproof Hiking Shoes - Men's,$116.73,https://www.rei.com/media/b350072a-02c9-4cd8-89dc-ef24a44285a5.jpg
Sypes Mid Leather Waterproof Hiking Boots - Women's,$119.73 - $120.73,https://www.rei.com/media/d71dd1b7-2163-49af-bb9a-4f77ed7f71ef.jpg
Outdoor Light Cushion Crew Socks - Women's,$15.73,https://www.rei.com/media/fe107bb1-e043-4edb-a569-702f32317ce9.jpg
Z/2 Classic Sandals - Women's,$78.73,https://www.rei.com/media/03992f06-0c0b-4bc9-99de-2b237619564c.jpg
Targhee III Waterproof Mid Hiking Boots - Women's,$119.73,https://www.rei.com/media/ff8987f1-e09a-43ae-bc75-35cf314af673.jpg
Bushido II Trail-Running Shoes - Men's,$107.73,https://www.rei.com/media/a3df18e5-03a2-49bc-8886-a1f07167bf02.jpg
Youth Wool Trail Socks - 4 Pairs - Kids',$39.73,https://www.rei.com/media/1e7f296f-78e4-4064-8994-5782c4636f75.jpg
Tempus Road-Running Shoes - Women's,$119.73,https://www.rei.com/media/a6078fd5-70ca-469d-9b45-715b858a1f4c.jpg
